Metric,Value
Accuracy,0.6666666666666666
Kappa,0.33333333333333326
Sensitivity,0.7083333333333334
Specificity,0.625
AUC,0.8324652777777778
