Metric,Value
Accuracy,0.7083333333333334
Kappa,0.41666666666666674
Sensitivity,0.7916666666666666
Specificity,0.625
AUC,0.7864583333333333
