Overall,Feature
15.976470588235287,IndicatorId
11.799692549692551,DW_log
0.7044049924250828,SurveyYear
